{
  "parent": "botania:block/tiny_potato",
  "display": {
    "thirdperson_righthand": {
      "rotation": [
        75.0,
        45.0,
        0.0
      ],
      "translation": [
        0.0,
        4.9,
        0.0
      ],
      "scale": [
        0.65625,
        0.65625,
        0.65625
      ]
    },
    "thirdperson_lefthand": {
      "rotation": [
        75.0,
        45.0,
        0.0
      ],
      "translation": [
        0.0,
        4.9,
        0.0
      ],
      "scale": [
        0.65625,
        0.65625,
        0.65625
      ]
    },
    "firstperson_righthand": {
      "rotation": [
        0.0,
        225.0,
        0.0
      ],
      "translation": [
        0.0,
        2.4,
        0.0
      ],
      "scale": [
        0.7,
        0.7,
        0.7
      ]
    },
    "head": {
      "rotation": [
        0.0,
        0.0,
        0.0
      ],
      "translation": [
        0.0,
        2.4,
        0.0
      ],
      "scale": [
        1.75,
        1.75,
        1.75
      ]
    },
    "gui": {
      "rotation": [
        30.0,
        225.0,
        0.0
      ],
      "translation": [
        0.0,
        2.4,
        0.0
      ],
      "scale": [
        1.09375,
        1.09375,
        1.09375
      ]
    },
    "ground": {
      "rotation": [
        0.0,
        0.0,
        0.0
      ],
      "translation": [
        0.0,
        5.4,
        0.0
      ],
      "scale": [
        0.4375,
        0.4375,
        0.4375
      ]
    },
    "fixed": {
      "rotation": [
        0.0,
        0.0,
        0.0
      ],
      "translation": [
        0.0,
        2.4,
        0.0
      ],
      "scale": [
        0.875,
        0.875,
        0.875
      ]
    }
  }
}