{
  "parent": "botania:block/tiny_potato",
  "display": {
    "thirdperson_righthand": {
      "rotation": [
        75.0,
        45.0,
        0.0
      ],
      "translation": [
        0.0,
        10.900001,
        0.0
      ],
      "scale": [
        1.359375,
        1.359375,
        1.359375
      ]
    },
    "thirdperson_lefthand": {
      "rotation": [
        75.0,
        45.0,
        0.0
      ],
      "translation": [
        0.0,
        10.900001,
        0.0
      ],
      "scale": [
        1.359375,
        1.359375,
        1.359375
      ]
    },
    "firstperson_righthand": {
      "rotation": [
        0.0,
        225.0,
        0.0
      ],
      "translation": [
        0.0,
        8.400001,
        0.0
      ],
      "scale": [
        1.45,
        1.45,
        1.45
      ]
    },
    "head": {
      "rotation": [
        0.0,
        0.0,
        0.0
      ],
      "translation": [
        0.0,
        8.400001,
        0.0
      ],
      "scale": [
        3.625,
        3.625,
        3.625
      ]
    },
    "gui": {
      "rotation": [
        30.0,
        225.0,
        0.0
      ],
      "translation": [
        0.0,
        8.400001,
        0.0
      ],
      "scale": [
        2.265625,
        2.265625,
        2.265625
      ]
    },
    "ground": {
      "rotation": [
        0.0,
        0.0,
        0.0
      ],
      "translation": [
        0.0,
        11.400001,
        0.0
      ],
      "scale": [
        0.90625,
        0.90625,
        0.90625
      ]
    },
    "fixed": {
      "rotation": [
        0.0,
        0.0,
        0.0
      ],
      "translation": [
        0.0,
        8.400001,
        0.0
      ],
      "scale": [
        1.8125,
        1.8125,
        1.8125
      ]
    }
  }
}