{
  "parent": "botania:block/tiny_potato",
  "display": {
    "thirdperson_righthand": {
      "rotation": [
        75.0,
        45.0,
        0.0
      ],
      "translation": [
        0.0,
        9.700001,
        0.0
      ],
      "scale": [
        1.21875,
        1.21875,
        1.21875
      ]
    },
    "thirdperson_lefthand": {
      "rotation": [
        75.0,
        45.0,
        0.0
      ],
      "translation": [
        0.0,
        9.700001,
        0.0
      ],
      "scale": [
        1.21875,
        1.21875,
        1.21875
      ]
    },
    "firstperson_righthand": {
      "rotation": [
        0.0,
        225.0,
        0.0
      ],
      "translation": [
        0.0,
        7.2000003,
        0.0
      ],
      "scale": [
        1.3000001,
        1.3000001,
        1.3000001
      ]
    },
    "head": {
      "rotation": [
        0.0,
        0.0,
        0.0
      ],
      "translation": [
        0.0,
        7.2000003,
        0.0
      ],
      "scale": [
        3.25,
        3.25,
        3.25
      ]
    },
    "gui": {
      "rotation": [
        30.0,
        225.0,
        0.0
      ],
      "translation": [
        0.0,
        7.2000003,
        0.0
      ],
      "scale": [
        2.03125,
        2.03125,
        2.03125
      ]
    },
    "ground": {
      "rotation": [
        0.0,
        0.0,
        0.0
      ],
      "translation": [
        0.0,
        10.200001,
        0.0
      ],
      "scale": [
        0.8125,
        0.8125,
        0.8125
      ]
    },
    "fixed": {
      "rotation": [
        0.0,
        0.0,
        0.0
      ],
      "translation": [
        0.0,
        7.2000003,
        0.0
      ],
      "scale": [
        1.625,
        1.625,
        1.625
      ]
    }
  }
}