{
  "parent": "botania:block/tiny_potato",
  "display": {
    "thirdperson_righthand": {
      "rotation": [
        75.0,
        45.0,
        0.0
      ],
      "translation": [
        0.0,
        0.29200006,
        0.0
      ],
      "scale": [
        0.11625,
        0.11625,
        0.11625
      ]
    },
    "thirdperson_lefthand": {
      "rotation": [
        75.0,
        45.0,
        0.0
      ],
      "translation": [
        0.0,
        0.29200006,
        0.0
      ],
      "scale": [
        0.11625,
        0.11625,
        0.11625
      ]
    },
    "firstperson_righthand": {
      "rotation": [
        0.0,
        225.0,
        0.0
      ],
      "translation": [
        0.0,
        -2.208,
        0.0
      ],
      "scale": [
        0.124000005,
        0.124000005,
        0.124000005
      ]
    },
    "head": {
      "rotation": [
        0.0,
        0.0,
        0.0
      ],
      "translation": [
        0.0,
        -2.208,
        0.0
      ],
      "scale": [
        0.31,
        0.31,
        0.31
      ]
    },
    "gui": {
      "rotation": [
        30.0,
        225.0,
        0.0
      ],
      "translation": [
        0.0,
        -2.208,
        0.0
      ],
      "scale": [
        0.19375,
        0.19375,
        0.19375
      ]
    },
    "ground": {
      "rotation": [
        0.0,
        0.0,
        0.0
      ],
      "translation": [
        0.0,
        0.79200006,
        0.0
      ],
      "scale": [
        0.0775,
        0.0775,
        0.0775
      ]
    },
    "fixed": {
      "rotation": [
        0.0,
        0.0,
        0.0
      ],
      "translation": [
        0.0,
        -2.208,
        0.0
      ],
      "scale": [
        0.155,
        0.155,
        0.155
      ]
    }
  }
}