{
  "parent": "botania:block/tiny_potato",
  "display": {
    "thirdperson_righthand": {
      "rotation": [
        75.0,
        45.0,
        0.0
      ],
      "translation": [
        0.0,
        -0.444,
        0.0
      ],
      "scale": [
        0.029999994,
        0.029999994,
        0.029999994
      ]
    },
    "thirdperson_lefthand": {
      "rotation": [
        75.0,
        45.0,
        0.0
      ],
      "translation": [
        0.0,
        -0.444,
        0.0
      ],
      "scale": [
        0.029999994,
        0.029999994,
        0.029999994
      ]
    },
    "firstperson_righthand": {
      "rotation": [
        0.0,
        225.0,
        0.0
      ],
      "translation": [
        0.0,
        -2.944,
        0.0
      ],
      "scale": [
        0.031999994,
        0.031999994,
        0.031999994
      ]
    },
    "head": {
      "rotation": [
        0.0,
        0.0,
        0.0
      ],
      "translation": [
        0.0,
        -2.944,
        0.0
      ],
      "scale": [
        0.07999998,
        0.07999998,
        0.07999998
      ]
    },
    "gui": {
      "rotation": [
        30.0,
        225.0,
        0.0
      ],
      "translation": [
        0.0,
        -2.944,
        0.0
      ],
      "scale": [
        0.04999999,
        0.04999999,
        0.04999999
      ]
    },
    "ground": {
      "rotation": [
        0.0,
        0.0,
        0.0
      ],
      "translation": [
        0.0,
        0.055999994,
        0.0
      ],
      "scale": [
        0.019999996,
        0.019999996,
        0.019999996
      ]
    },
    "fixed": {
      "rotation": [
        0.0,
        0.0,
        0.0
      ],
      "translation": [
        0.0,
        -2.944,
        0.0
      ],
      "scale": [
        0.03999999,
        0.03999999,
        0.03999999
      ]
    }
  }
}