{
  "parent": "botania:block/tiny_potato",
  "display": {
    "thirdperson_righthand": {
      "rotation": [
        75.0,
        45.0,
        0.0
      ],
      "translation": [
        0.0,
        1.0279999,
        0.0
      ],
      "scale": [
        0.20249999,
        0.20249999,
        0.20249999
      ]
    },
    "thirdperson_lefthand": {
      "rotation": [
        75.0,
        45.0,
        0.0
      ],
      "translation": [
        0.0,
        1.0279999,
        0.0
      ],
      "scale": [
        0.20249999,
        0.20249999,
        0.20249999
      ]
    },
    "firstperson_righthand": {
      "rotation": [
        0.0,
        225.0,
        0.0
      ],
      "translation": [
        0.0,
        -1.4720001,
        0.0
      ],
      "scale": [
        0.21599999,
        0.21599999,
        0.21599999
      ]
    },
    "head": {
      "rotation": [
        0.0,
        0.0,
        0.0
      ],
      "translation": [
        0.0,
        -1.4720001,
        0.0
      ],
      "scale": [
        0.53999996,
        0.53999996,
        0.53999996
      ]
    },
    "gui": {
      "rotation": [
        30.0,
        225.0,
        0.0
      ],
      "translation": [
        0.0,
        -1.4720001,
        0.0
      ],
      "scale": [
        0.33749998,
        0.33749998,
        0.33749998
      ]
    },
    "ground": {
      "rotation": [
        0.0,
        0.0,
        0.0
      ],
      "translation": [
        0.0,
        1.5279999,
        0.0
      ],
      "scale": [
        0.13499999,
        0.13499999,
        0.13499999
      ]
    },
    "fixed": {
      "rotation": [
        0.0,
        0.0,
        0.0
      ],
      "translation": [
        0.0,
        -1.4720001,
        0.0
      ],
      "scale": [
        0.26999998,
        0.26999998,
        0.26999998
      ]
    }
  }
}