{
  "parent": "botania:block/tiny_potato",
  "display": {
    "thirdperson_righthand": {
      "rotation": [
        75.0,
        45.0,
        0.0
      ],
      "translation": [
        0.0,
        1.7639999,
        0.0
      ],
      "scale": [
        0.28875,
        0.28875,
        0.28875
      ]
    },
    "thirdperson_lefthand": {
      "rotation": [
        75.0,
        45.0,
        0.0
      ],
      "translation": [
        0.0,
        1.7639999,
        0.0
      ],
      "scale": [
        0.28875,
        0.28875,
        0.28875
      ]
    },
    "firstperson_righthand": {
      "rotation": [
        0.0,
        225.0,
        0.0
      ],
      "translation": [
        0.0,
        -0.73600006,
        0.0
      ],
      "scale": [
        0.308,
        0.308,
        0.308
      ]
    },
    "head": {
      "rotation": [
        0.0,
        0.0,
        0.0
      ],
      "translation": [
        0.0,
        -0.73600006,
        0.0
      ],
      "scale": [
        0.77,
        0.77,
        0.77
      ]
    },
    "gui": {
      "rotation": [
        30.0,
        225.0,
        0.0
      ],
      "translation": [
        0.0,
        -0.73600006,
        0.0
      ],
      "scale": [
        0.48125,
        0.48125,
        0.48125
      ]
    },
    "ground": {
      "rotation": [
        0.0,
        0.0,
        0.0
      ],
      "translation": [
        0.0,
        2.264,
        0.0
      ],
      "scale": [
        0.1925,
        0.1925,
        0.1925
      ]
    },
    "fixed": {
      "rotation": [
        0.0,
        0.0,
        0.0
      ],
      "translation": [
        0.0,
        -0.73600006,
        0.0
      ],
      "scale": [
        0.385,
        0.385,
        0.385
      ]
    }
  }
}