{
  "parent": "botania:block/tiny_potato",
  "display": {
    "thirdperson_righthand": {
      "rotation": [
        75.0,
        45.0,
        0.0
      ],
      "translation": [
        0.0,
        6.1000004,
        0.0
      ],
      "scale": [
        0.796875,
        0.796875,
        0.796875
      ]
    },
    "thirdperson_lefthand": {
      "rotation": [
        75.0,
        45.0,
        0.0
      ],
      "translation": [
        0.0,
        6.1000004,
        0.0
      ],
      "scale": [
        0.796875,
        0.796875,
        0.796875
      ]
    },
    "firstperson_righthand": {
      "rotation": [
        0.0,
        225.0,
        0.0
      ],
      "translation": [
        0.0,
        3.6000001,
        0.0
      ],
      "scale": [
        0.85,
        0.85,
        0.85
      ]
    },
    "head": {
      "rotation": [
        0.0,
        0.0,
        0.0
      ],
      "translation": [
        0.0,
        3.6000001,
        0.0
      ],
      "scale": [
        2.125,
        2.125,
        2.125
      ]
    },
    "gui": {
      "rotation": [
        30.0,
        225.0,
        0.0
      ],
      "translation": [
        0.0,
        3.6000001,
        0.0
      ],
      "scale": [
        1.328125,
        1.328125,
        1.328125
      ]
    },
    "ground": {
      "rotation": [
        0.0,
        0.0,
        0.0
      ],
      "translation": [
        0.0,
        6.6000004,
        0.0
      ],
      "scale": [
        0.53125,
        0.53125,
        0.53125
      ]
    },
    "fixed": {
      "rotation": [
        0.0,
        0.0,
        0.0
      ],
      "translation": [
        0.0,
        3.6000001,
        0.0
      ],
      "scale": [
        1.0625,
        1.0625,
        1.0625
      ]
    }
  }
}